{
  "canvas": [
    728,
    855
  ],
  "neck_pivot": [
    0.5498107206124867,
    0.5555555555555556
  ],
  "neck_y": 380
}